variant,config_key,epochs,batch,lr,f1_macro,f1_macro_test,accuracy,gflops,size_mb,inf_time_ms,pareto_optimal
m,m_ep25_bs8_lr1e-02,25,8,0.01,0.7657289055973265,0.7175467608076304,0.7971014492753623,4.851194368,19.932,91.22,False
n,n_ep50_bs16_lr1e-02,50,16,0.01,0.8363602410661233,0.6979262088160347,0.8405797101449275,0.398312704,3.063,19.79,True
s,s_ep50_bs8_lr1e-02,50,8,0.01,0.7256508365776101,0.5950955418850156,0.7101449275362319,1.486391808,10.538,31.87,False
