variant,config_key,epochs,batch,lr,f1_macro,f1_macro_test,accuracy,gflops,size_mb,inf_time_ms,n_classes,pareto_optimal
m,m_ep25_bs32_lr1e-02,25,32,0.01,0.7493186769657358,0.5941502941502942,0.7536231884057971,4.851194368,19.932,113.32,10,True
n,n_ep50_bs16_lr1e-02,50,16,0.01,0.3861884147598433,0.30963203463203465,0.463768115942029,0.398312704,3.063,19.79,14,True
s,s_ep50_bs8_lr1e-02,50,8,0.01,0.7256508365776101,0.5950955418850156,0.7101449275362319,1.486391808,10.538,31.87,10,True
